1572015593;
1572015553;
1572015433;
1572015313;
1572015192;
1572015072;
1572014952;
1572014831;
1572014711;
1572014591;
1572014471;
1572014351;
1572014230;
1572014110;
1572013990;
1572013869;
1572013749;
1572013629;
1572013509;
1572013388;
1572013268;
1572013148;
1572013027;
1572012907;
1572012787;
1572012666;
1572012546;
1572012426;
1572012306;
1572012185;
1572012065;
1572011945;
1572011824;
1572011704;
1572011584;
1572011464;
1572011343;
1572011223;
1572011103;
1572010983;
1572010862;
1572010742;
1572010622;
1572010501;
1572010381;
1572010261;
1572010140;
1572010020;
1572009900;
1572009779;
1572009659;
1572009539;
1572009418;
1572009298;
1572009178;
1572009057;
1572008937;
1572008817;
1572008697;
1572008576;
1572008456;
1572008336;
1572008216;
1572008095;
1572007975;
1572007855;
1572007734;
1572007614;
1572007494;
1572007374;
1572007253;
1572007133;
1572007013;
1572006892;
1572006772;
1572006652;
1572006465;
1572005951;
1572005412;
1572005292;
1572005172;
1572004709;
1572004188;
1572004067;
1572003947;
1572003827;
1572003707;
1572003586;
1572003466;
1572003345;
1572003225;
1572003105;
1572002985;
1572002864;
1572002744;
1572002624;
1572002504;
1572002383;
1572002263;
1572002143;
1572002023;
1572001902;
1572001782;
1572001662;
1572001542;
1572001421;
1572001301;
1572001181;
1572001060;
1572000940;
1572000820;
1572000700;
1572000579;
1572000459;
1572000339;
1572000218;
1572000098;
1571999978;
1571999857;
1571997819;
EOF
